roster_id,team,manager,player_id,player,position,nfl_team,age,status,dynasty_value,redraft_value,overall_rank,trend_30_day
1,Ertz & Krafts 🏆,jccbraves99,8130,Trey McBride,TE,ARI,26.8,starter,5336,5983,19,-503
1,Ertz & Krafts 🏆,jccbraves99,12514,Emeka Egbuka,WR,TB,23.9,starter,4481,3454,27,-101
1,Ertz & Krafts 🏆,jccbraves99,4866,Saquon Barkley,RB,PHI,29.5,starter,4124,6566,30,-116
1,Ertz & Krafts 🏆,jccbraves99,8144,Chris Olave,WR,NO,26.2,bench,4037,4534,31,328
1,Ertz & Krafts 🏆,jccbraves99,10229,Rashee Rice,WR,KC,26.3,starter,3760,4071,40,171
1,Ertz & Krafts 🏆,jccbraves99,3198,Derrick Henry,RB,BAL,32.6,starter,3341,5695,52,287
1,Ertz & Krafts 🏆,jccbraves99,5850,Josh Jacobs,RB,GB,28.5,starter,3065,4755,59,70
1,Ertz & Krafts 🏆,jccbraves99,8148,Jameson Williams,WR,DET,25.4,starter,2816,2200,67,119
1,Ertz & Krafts 🏆,jccbraves99,11563,Bo Nix,QB,DEN,26.5,bench,2705,1471,71,107
1,Ertz & Krafts 🏆,jccbraves99,4983,DJ Moore,WR,BUF,29.4,bench,2569,2320,74,249
1,Ertz & Krafts 🏆,jccbraves99,6790,D'Andre Swift,RB,CHI,27.6,starter,2542,2816,76,136
1,Ertz & Krafts 🏆,jccbraves99,3294,Dak Prescott,QB,DAL,33.1,starter,2116,1776,88,-70
1,Ertz & Krafts 🏆,jccbraves99,4892,Baker Mayfield,QB,TB,31.4,bench,1732,1055,117,-3
1,Ertz & Krafts 🏆,jccbraves99,5045,Courtland Sutton,WR,DEN,30.9,bench,1629,909,129,67
1,Ertz & Krafts 🏆,jccbraves99,8136,Rachaad White,RB,WAS,27.6,bench,1517,697,140,-188
1,Ertz & Krafts 🏆,jccbraves99,12469,Dylan Sampson,RB,CLE,21.9,bench,1336,62,164,-142
1,Ertz & Krafts 🏆,jccbraves99,5844,T.J. Hockenson,TE,MIN,29.2,bench,1335,198,165,65
1,Ertz & Krafts 🏆,jccbraves99,8205,Isiah Pacheco,RB,DET,27.5,bench,1197,141,183,-185
1,Ertz & Krafts 🏆,jccbraves99,13311,Chris Bell,WR,MIA,22.2,drafted,1159,0,189,-314
1,Ertz & Krafts 🏆,jccbraves99,13347,Demond Claiborne,RB,MIN,22.9,drafted,1036,0,196,-45
1,Ertz & Krafts 🏆,jccbraves99,13278,Max Klare,TE,LAR,23.1,drafted,411,0,268,-238
1,Ertz & Krafts 🏆,jccbraves99,12510,Jalen Milroe,QB,SEA,23.7,taxi,219,0,294,-118
1,Ertz & Krafts 🏆,jccbraves99,8135,Treylon Burks,WR,WAS,26.4,bench,182,0,304,-5
1,Ertz & Krafts 🏆,jccbraves99,8119,Jahan Dotson,WR,ATL,26.4,bench,176,0,306,-17
1,Ertz & Krafts 🏆,jccbraves99,12641,Jaylin Lane,WR,WAS,24.3,taxi,145,0,315,-50
1,Ertz & Krafts 🏆,jccbraves99,11370,Chris Brooks,RB,GB,26.6,bench,140,0,316,-275
1,Ertz & Krafts 🏆,jccbraves99,4147,Samaje Perine,RB,CIN,30.9,bench,98,0,338,-21
1,Ertz & Krafts 🏆,jccbraves99,LAC,Los Angeles Chargers,DEF,LAC,,starter,0,0,,0
1,Ertz & Krafts 🏆,jccbraves99,NYG,New York Giants,DEF,NYG,,bench,0,0,,0
1,Ertz & Krafts 🏆,jccbraves99,PHI,Philadelphia Eagles,DEF,PHI,,bench,0,0,,0
1,Ertz & Krafts 🏆,jccbraves99,11792,Will Reichard,K,MIN,25,starter,0,0,,0
2,2 Dagos and A Dream ,TGamby,9221,Jahmyr Gibbs,RB,DET,24.4,starter,10975,10742,2,519
2,2 Dagos and A Dream ,TGamby,12527,Ashton Jeanty,RB,LV,22.7,starter,7622,7051,6,123
2,2 Dagos and A Dream ,TGamby,6813,Jonathan Taylor,RB,IND,27.6,starter,6102,7907,15,405
2,2 Dagos and A Dream ,TGamby,12506,Harold Fannin,TE,CLE,22.1,starter,2804,1643,68,-35
2,2 Dagos and A Dream ,TGamby,6804,Jordan Love,QB,GB,27.8,starter,2192,945,82,-50
2,2 Dagos and A Dream ,TGamby,13346,Denzel Boston,WR,CLE,22.7,drafted,2182,160,84,250
2,2 Dagos and A Dream ,TGamby,12484,Jayden Higgins,WR,HOU,23.7,IR,1868,292,104,111
2,2 Dagos and A Dream ,TGamby,9754,Quentin Johnston,WR,LAC,25.0,starter,1853,720,105,-124
2,2 Dagos and A Dream ,TGamby,10222,Jayden Reed,WR,GB,26.3,starter,1758,942,111,232
2,2 Dagos and A Dream ,TGamby,10236,Dalton Kincaid,TE,BUF,26.9,starter,1662,450,125,94
2,2 Dagos and A Dream ,TGamby,5967,Tony Pollard,RB,TEN,29.3,starter,1620,1244,132,-169
2,2 Dagos and A Dream ,TGamby,12492,Pat Bryant,WR,DEN,23.7,bench,1418,0,147,476
2,2 Dagos and A Dream ,TGamby,13275,Ty Simpson,QB,LAR,23.7,drafted,1177,0,186,-25
2,2 Dagos and A Dream ,TGamby,9502,Tank Dell,WR,HOU,26.8,bench,1176,57,187,-33
2,2 Dagos and A Dream ,TGamby,11637,Keon Coleman,WR,BUF,23.3,bench,1133,0,193,10
2,2 Dagos and A Dream ,TGamby,12499,Elic Ayomanor,WR,TEN,23.2,bench,763,0,220,-63
2,2 Dagos and A Dream ,TGamby,8111,Cade Otton,TE,TB,27.4,bench,732,6,224,-301
2,2 Dagos and A Dream ,TGamby,96,Aaron Rodgers,QB,PIT,42.7,bench,729,71,225,32
2,2 Dagos and A Dream ,TGamby,11589,Trey Benson,RB,ARI,24.1,bench,575,0,246,-472
2,2 Dagos and A Dream ,TGamby,11626,Xavier Legette,WR,CAR,25.6,bench,443,0,263,-122
2,2 Dagos and A Dream ,TGamby,12485,Tez Johnson,WR,TB,24.3,bench,398,0,270,-70
2,2 Dagos and A Dream ,TGamby,12541,Dont'e Thornton,WR,LV,23.7,bench,253,0,287,-113
2,2 Dagos and A Dream ,TGamby,13380,Brenen Thompson,WR,LAC,23.1,drafted,227,0,293,-182
2,2 Dagos and A Dream ,TGamby,11562,Spencer Rattler,QB,NO,25.9,bench,101,0,337,0
2,2 Dagos and A Dream ,TGamby,LAR,Los Angeles Rams,DEF,LAR,,starter,0,0,,0
2,2 Dagos and A Dream ,TGamby,4663,Austin Ekeler,RB,,30,bench,0,0,,0
2,2 Dagos and A Dream ,TGamby,11539,Jake Bates,K,DET,27,starter,0,0,,0
2,2 Dagos and A Dream ,TGamby,BUF,Buffalo Bills,DEF,BUF,,bench,0,0,,0
3,The Ape,sduda351,11604,Brock Bowers,TE,LV,23.7,starter,6869,6280,9,69
3,The Ape,sduda351,6794,Justin Jefferson,WR,MIN,27.2,starter,6838,7397,10,-86
3,The Ape,sduda351,8138,James Cook,RB,BUF,26.9,starter,5813,7788,16,220
3,The Ape,sduda351,8112,Drake London,WR,ATL,25.1,starter,5454,5803,18,-103
3,The Ape,sduda351,4881,Lamar Jackson,QB,BAL,29.6,starter,3989,4573,32,105
3,The Ape,sduda351,9997,Zay Flowers,WR,BAL,26.0,starter,3823,3699,39,391
3,The Ape,sduda351,12481,Cam Skattebo,RB,NYG,24.6,starter,3476,3880,48,48
3,The Ape,sduda351,13293,Ja'Kobi Lane,WR,BAL,22.3,drafted,1781,23,109,980
3,The Ape,sduda351,5012,Mark Andrews,TE,BAL,31.0,starter,1495,758,142,68
3,The Ape,sduda351,9225,Tank Bigsby,RB,PHI,24.0,bench,1481,34,144,191
3,The Ape,sduda351,9511,Keaton Mitchell,RB,LAC,24.6,bench,1390,146,156,81
3,The Ape,sduda351,2449,Stefon Diggs,WR,WAS,32.7,starter,1389,1038,157,117
3,The Ape,sduda351,11655,Tyrone Tracy,RB,NYG,26.8,bench,1267,226,176,-115
3,The Ape,sduda351,9486,Dontayvion Wicks,WR,PHI,25.2,bench,1217,0,182,221
3,The Ape,sduda351,13421,Eli Raridon,TE,NE,22.5,drafted,831,0,211,-27
3,The Ape,sduda351,11559,Michael Penix,QB,ATL,26.3,bench,826,0,212,-75
3,The Ape,sduda351,6768,Tua Tagovailoa,QB,ATL,28.5,bench,810,64,213,-70
3,The Ape,sduda351,13302,Adam Randall,RB,BAL,22.1,drafted,734,0,223,-16
3,The Ape,sduda351,12495,Ollie Gordon,RB,MIA,22.6,bench,728,0,226,-254
3,The Ape,sduda351,11783,Ryan Flournoy,WR,DAL,26.8,bench,620,0,240,-13
3,The Ape,sduda351,13353,Chris Brazzell,WR,CAR,22.9,IR,573,0,247,-173
3,The Ape,sduda351,9482,Michael Mayer,TE,LV,25.1,bench,519,0,249,-88
3,The Ape,sduda351,7571,Rashod Bateman,WR,BAL,26.7,bench,488,0,253,29
3,The Ape,sduda351,5848,Marquise Brown,WR,PHI,29.2,bench,265,0,285,18
3,The Ape,sduda351,13477,Colbie Young,WR,CIN,24.1,drafted,200,0,300,24
3,The Ape,sduda351,1945,Chris Boswell,K,PIT,35,bench,0,0,,0
3,The Ape,sduda351,11786,Cam Little,K,JAX,23,starter,0,0,,0
3,The Ape,sduda351,DET,Detroit Lions,DEF,DET,,starter,0,0,,0
4,Bub’s Club,bubberdubber,13287,Jeremiyah Love,RB,ARI,21.2,drafted,7372,4862,7,-7
4,Bub’s Club,bubberdubber,8155,Breece Hall,RB,NYJ,25.2,starter,3827,3968,38,-383
4,Bub’s Club,bubberdubber,7526,Jaylen Waddle,WR,DEN,27.8,starter,3080,2998,57,-80
4,Bub’s Club,bubberdubber,10859,Sam LaPorta,TE,DET,25.6,starter,2859,1993,66,252
4,Bub’s Club,bubberdubber,13330,Kenyon Sadiq,TE,NYJ,21.5,drafted,2202,156,81,31
4,Bub’s Club,bubberdubber,11583,Jonathon Brooks,RB,CAR,23.1,starter,2048,987,90,27
4,Bub’s Club,bubberdubber,13345,Jonah Coleman,RB,DEN,23.0,drafted,1980,165,94,179
4,Bub’s Club,bubberdubber,12501,Matthew Golden,WR,GB,23.1,starter,1948,506,97,15
4,Bub’s Club,bubberdubber,8142,Alec Pierce,WR,IND,26.3,IR,1911,1016,101,-282
4,Bub’s Club,bubberdubber,3163,Jared Goff,QB,DET,31.9,starter,1819,937,107,36
4,Bub’s Club,bubberdubber,13276,Omar Cooper,WR,NYJ,22.7,drafted,1776,110,110,-215
4,Bub’s Club,bubberdubber,12533,Jacory Croskey-Merritt,RB,WAS,25.4,starter,1729,789,120,196
4,Bub’s Club,bubberdubber,11624,Xavier Worthy,WR,KC,23.3,starter,1651,404,126,-144
4,Bub’s Club,bubberdubber,13301,Antonio Williams,WR,WAS,22.1,drafted,1460,0,145,3
4,Bub’s Club,bubberdubber,5022,Dallas Goedert,TE,PHI,31.6,bench,1417,473,148,165
4,Bub’s Club,bubberdubber,11576,Braelon Allen,RB,NYJ,22.6,bench,1404,36,150,70
4,Bub’s Club,bubberdubber,9228,Bryce Young,QB,CAR,25.1,bench,1395,194,152,-35
4,Bub’s Club,bubberdubber,13296,Caleb Douglas,WR,MIA,23.0,drafted,1322,0,168,658
4,Bub’s Club,bubberdubber,12487,Terrance Ferguson,TE,LAR,23.5,taxi,1316,0,169,116
4,Bub’s Club,bubberdubber,12535,Isaac TeSlaa,WR,DET,24.5,bench,1233,34,180,108
4,Bub’s Club,bubberdubber,12502,Gunnar Helm,TE,TEN,24.0,bench,1151,0,190,-48
4,Bub’s Club,bubberdubber,12457,Jaydon Blue,RB,DAL,22.6,starter,834,0,210,-141
4,Bub’s Club,bubberdubber,11565,J.J. McCarthy,QB,MIN,23.6,bench,718,0,228,-158
4,Bub’s Club,bubberdubber,4017,Deshaun Watson,QB,CLE,31.0,bench,636,0,238,-45
4,Bub’s Club,bubberdubber,11571,Isaiah Davis,RB,NYJ,24.5,bench,577,0,245,190
4,Bub’s Club,bubberdubber,13329,Malik Benson,WR,LV,23.9,drafted,445,0,262,184
4,Bub’s Club,bubberdubber,13420,Bryce Lance,WR,NO,24.0,drafted,423,0,265,-62
4,Bub’s Club,bubberdubber,9229,Anthony Richardson,QB,IND,24.3,bench,402,0,269,-105
4,Bub’s Club,bubberdubber,12543,Tahj Brooks,RB,CIN,24.3,bench,294,0,282,-142
4,Bub’s Club,bubberdubber,12482,Savion Williams,WR,GB,24.8,bench,74,0,347,-115
4,Bub’s Club,bubberdubber,MIN,Minnesota Vikings,DEF,MIN,,bench,0,0,,0
4,Bub’s Club,bubberdubber,DAL,Dallas Cowboys,DEF,DAL,,bench,0,0,,0
4,Bub’s Club,bubberdubber,8259,Cameron Dicker,K,LAC,26,starter,0,0,,0
4,Bub’s Club,bubberdubber,PIT,Pittsburgh Steelers,DEF,PIT,,starter,0,0,,0
5,My Nabers Tetties,DRockefeller,11632,Malik Nabers,WR,NYG,23.1,starter,6454,5106,12,-45
5,My Nabers Tetties,DRockefeller,12526,Tetairoa McMillan,WR,CAR,23.4,starter,4519,3599,25,-372
5,My Nabers Tetties,DRockefeller,6770,Joe Burrow,QB,CIN,29.7,starter,3550,3429,45,37
5,My Nabers Tetties,DRockefeller,12519,Luther Burden,WR,CHI,22.7,starter,3472,2549,49,-32
5,My Nabers Tetties,DRockefeller,13281,Jordyn Tyson,WR,NO,22.0,drafted,3272,1389,53,-413
5,My Nabers Tetties,DRockefeller,13298,KC Concepcion,WR,CLE,21.9,drafted,2610,554,73,207
5,My Nabers Tetties,DRockefeller,7553,Kyle Pitts,TE,ATL,25.9,starter,2481,1936,77,-82
5,My Nabers Tetties,DRockefeller,13269,Fernando Mendoza,QB,LV,22.9,drafted,2166,122,85,-53
5,My Nabers Tetties,DRockefeller,13349,Eli Stowers,TE,PHI,23.4,drafted,1740,0,113,-128
5,My Nabers Tetties,DRockefeller,12545,Tyler Shough,QB,NO,26.9,bench,1705,880,121,-128
5,My Nabers Tetties,DRockefeller,13413,Cyrus Allen,WR,KC,23.5,drafted,1482,5,143,1040
5,My Nabers Tetties,DRockefeller,8154,Brian Robinson,RB,ATL,27.4,starter,1342,108,162,27
5,My Nabers Tetties,DRockefeller,8161,Malik Willis,QB,MIA,27.3,bench,1305,175,171,-32
5,My Nabers Tetties,DRockefeller,13337,Emmett Johnson,RB,KC,22.9,drafted,1250,42,178,28
5,My Nabers Tetties,DRockefeller,3214,Hunter Henry,TE,NE,31.7,starter,1173,308,188,70
5,My Nabers Tetties,DRockefeller,13414,Kaelon Black,RB,SF,24.9,drafted,1033,0,197,-35
5,My Nabers Tetties,DRockefeller,12524,Shedeur Sanders,QB,CLE,24.5,bench,776,17,218,-83
5,My Nabers Tetties,DRockefeller,9506,Sean Tucker,RB,TB,24.8,starter,516,0,250,-187
5,My Nabers Tetties,DRockefeller,12544,LeQuint Allen,RB,JAX,22.1,bench,473,0,255,-71
5,My Nabers Tetties,DRockefeller,12503,Isaiah Bond,WR,CLE,22.4,bench,413,0,267,-122
5,My Nabers Tetties,DRockefeller,12455,Brashard Smith,RB,KC,23.4,bench,160,0,312,-213
5,My Nabers Tetties,DRockefeller,12670,KeAndre Lambert-Smith,WR,LAC,24.9,bench,63,0,354,-40
5,My Nabers Tetties,DRockefeller,12542,Efton Chism,WR,NE,24.8,taxi,54,0,358,55
5,My Nabers Tetties,DRockefeller,11650,Luke McCaffrey,WR,WAS,25.4,bench,49,0,364,-98
5,My Nabers Tetties,DRockefeller,12738,Phil Mafah,RB,DAL,23.8,bench,27,0,382,-88
5,My Nabers Tetties,DRockefeller,11748,Bub Means,WR,NO,25.6,bench,8,0,398,9
5,My Nabers Tetties,DRockefeller,11533,Brandon Aubrey,K,DAL,31,starter,0,0,,0
5,My Nabers Tetties,DRockefeller,12897,Nathan Carter,RB,ATL,24,bench,0,0,,0
5,My Nabers Tetties,DRockefeller,NE,New England Patriots,DEF,NE,,starter,0,0,,0
6,Final Boss,OldManBacala,8137,George Pickens,WR,DAL,25.5,starter,4683,5345,23,-5
6,Final Boss,OldManBacala,13279,Carnell Tate,WR,TEN,21.6,drafted,4181,2143,29,-202
6,Final Boss,OldManBacala,9484,Tucker Kraft,TE,GB,25.8,bench,2928,2115,63,62
6,Final Boss,OldManBacala,4046,Patrick Mahomes,QB,KC,30.9,starter,2914,2033,64,-167
6,Final Boss,OldManBacala,7594,Chuba Hubbard,RB,CAR,27.2,bench,1967,1503,95,-40
6,Final Boss,OldManBacala,6819,Michael Pittman,WR,PIT,28.9,starter,1730,1209,119,-36
6,Final Boss,OldManBacala,12530,Travis Hunter,WR,JAX,23.3,bench,1678,196,122,-342
6,Final Boss,OldManBacala,6806,J.K. Dobbins,RB,DEN,27.7,bench,1674,1103,124,-47
6,Final Boss,OldManBacala,11646,Jalen Coker,WR,CAR,24.8,bench,1606,442,133,177
6,Final Boss,OldManBacala,11618,Jalen McMillan,WR,TB,24.7,bench,1370,38,160,-77
6,Final Boss,OldManBacala,8676,Rashid Shaheed,WR,SEA,28.0,starter,1316,160,170,-54
6,Final Boss,OldManBacala,5870,Daniel Jones,QB,IND,29.3,bench,1287,181,174,9
6,Final Boss,OldManBacala,6783,Jerry Jeudy,WR,CLE,27.3,starter,1025,20,199,-121
6,Final Boss,OldManBacala,13405,Kaytron Allen,RB,WAS,23.6,drafted,984,0,200,-85
6,Final Boss,OldManBacala,12504,Kaleb Johnson,RB,PIT,23.0,bench,962,0,201,-179
6,Final Boss,OldManBacala,7528,Najee Harris,RB,NYG,28.5,bench,804,0,214,509
6,Final Boss,OldManBacala,4066,Evan Engram,TE,DEN,32.0,starter,486,0,254,6
6,Final Boss,OldManBacala,13424,Seth McGowan,RB,IND,24.8,drafted,413,0,266,-123
6,Final Boss,OldManBacala,8188,Tyquan Thornton,WR,KC,26.1,bench,238,0,290,-40
6,Final Boss,OldManBacala,10226,Andrei Iosivas,WR,CIN,26.9,starter,136,0,317,-97
6,Final Boss,OldManBacala,6149,Darius Slayton,WR,NYG,29.6,bench,74,0,348,-117
6,Final Boss,OldManBacala,5857,Noah Fant,TE,NO,28.8,bench,39,0,369,-50
6,Final Boss,OldManBacala,7607,Michael Carter,RB,TEN,27,starter,0,0,,0
6,Final Boss,OldManBacala,JAX,Jacksonville Jaguars,DEF,JAX,,bench,0,0,,0
6,Final Boss,OldManBacala,8122,Zonovan Knight,RB,ARI,25,starter,0,0,,0
6,Final Boss,OldManBacala,7839,Evan McPherson,K,CIN,27,starter,0,0,,0
6,Final Boss,OldManBacala,DEN,Denver Broncos,DEF,DEN,,starter,0,0,,0
6,Final Boss,OldManBacala,4219,Jeremy McNichols,RB,WAS,30,bench,0,0,,0
7,Gridiron geezers,kong58,9226,De'Von Achane,RB,MIA,24.9,starter,6487,7720,11,165
7,Gridiron geezers,kong58,12507,Omarion Hampton,RB,LAC,23.4,starter,6204,6671,14,-277
7,Gridiron geezers,kong58,4034,Christian McCaffrey,RB,SF,30.2,starter,4807,8656,21,147
7,Gridiron geezers,kong58,8183,Brock Purdy,QB,SF,26.7,starter,2242,1378,80,-142
7,Gridiron geezers,kong58,2133,Davante Adams,WR,LAR,33.7,starter,2191,2856,83,134
7,Gridiron geezers,kong58,8228,Jaylen Warren,RB,PIT,27.8,starter,2126,2074,87,134
7,Gridiron geezers,kong58,4217,George Kittle,TE,SF,32.9,starter,1912,1540,100,24
7,Gridiron geezers,kong58,421,Matthew Stafford,QB,LAR,38.6,bench,1549,1225,139,-47
7,Gridiron geezers,kong58,13320,Zachariah Branch,WR,ATL,22.4,drafted,1409,20,149,158
7,Gridiron geezers,kong58,9480,Brenton Strange,TE,JAX,25.7,bench,1388,265,158,-68
7,Gridiron geezers,kong58,13274,Germie Bernard,WR,PIT,22.7,drafted,1298,0,173,44
7,Gridiron geezers,kong58,4199,Aaron Jones,RB,MIN,31.7,starter,1269,665,175,-57
7,Gridiron geezers,kong58,5872,Deebo Samuel,WR,SF,30.6,starter,1218,552,181,359
7,Gridiron geezers,kong58,5001,Dalton Schultz,TE,HOU,30.1,bench,796,43,215,-222
7,Gridiron geezers,kong58,2505,Darren Waller,TE,CAR,34.0,bench,602,0,242,536
7,Gridiron geezers,kong58,8698,Jake Tonges,TE,SF,27.1,bench,454,0,258,-68
7,Gridiron geezers,kong58,7090,Darnell Mooney,WR,NYG,28.8,bench,451,0,259,-208
7,Gridiron geezers,kong58,11834,Devaughn Vele,WR,NO,28.7,bench,317,0,278,111
7,Gridiron geezers,kong58,6130,Devin Singletary,RB,NYG,29.0,bench,101,0,336,-11
7,Gridiron geezers,kong58,6039,Ty Johnson,RB,BUF,28.9,bench,50,0,362,-8
7,Gridiron geezers,kong58,4177,Mack Hollins,WR,NE,32.9,bench,31,0,380,32
7,Gridiron geezers,kong58,2374,Tyler Lockett,WR,,33,bench,0,0,,0
7,Gridiron geezers,kong58,SF,San Francisco 49ers,DEF,SF,,starter,0,0,,0
7,Gridiron geezers,kong58,12713,Andy Borregales,K,NE,23,starter,0,0,,0
7,Gridiron geezers,kong58,5987,Alexander Mattison,RB,,27,bench,0,0,,0
7,Gridiron geezers,kong58,2749,Raheem Mostert,RB,,33,bench,0,0,,0
8,arkinsjt,arkinsjt,6786,CeeDee Lamb,WR,DAL,27.4,starter,6275,7493,13,117
8,arkinsjt,arkinsjt,11560,Caleb Williams,QB,CHI,24.8,starter,3847,3022,37,71
8,arkinsjt,arkinsjt,5859,A.J. Brown,WR,NE,29.2,starter,3753,5684,41,-54
8,arkinsjt,arkinsjt,6801,Tee Higgins,WR,CIN,27.6,starter,3453,4048,50,348
8,arkinsjt,arkinsjt,11584,Bucky Irving,RB,TB,24.0,starter,3400,2978,51,-39
8,arkinsjt,arkinsjt,11620,Rome Odunze,WR,CHI,24.2,starter,3169,2183,55,-38
8,arkinsjt,arkinsjt,5892,David Montgomery,RB,HOU,29.2,starter,2545,3240,75,145
8,arkinsjt,arkinsjt,9487,Parker Washington,WR,JAX,24.4,starter,2431,1562,78,503
8,arkinsjt,arkinsjt,10232,Michael Wilson,WR,ARI,26.5,bench,2017,1327,92,172
8,arkinsjt,arkinsjt,13288,Nicholas Singleton,RB,TEN,22.6,drafted,1626,0,130,-65
8,arkinsjt,arkinsjt,5849,Kyler Murray,QB,MIN,29.1,bench,1602,809,134,90
8,arkinsjt,arkinsjt,1466,Travis Kelce,TE,KC,36.9,starter,1458,1422,146,17
8,arkinsjt,arkinsjt,11603,AJ Barner,TE,SEA,24.3,bench,1379,134,159,44
8,arkinsjt,arkinsjt,12474,Woody Marks,RB,HOU,25.7,bench,1331,217,166,-45
8,arkinsjt,arkinsjt,4035,Alvin Kamara,RB,NO,31.1,bench,1245,164,179,31
8,arkinsjt,arkinsjt,11625,Adonai Mitchell,WR,NYJ,23.9,bench,1141,0,191,-26
8,arkinsjt,arkinsjt,7049,Jauan Jennings,WR,MIN,29.1,bench,1032,110,198,-90
8,arkinsjt,arkinsjt,12498,Mason Taylor,TE,NYJ,22.3,bench,738,0,222,-135
8,arkinsjt,arkinsjt,1373,Geno Smith,QB,NYJ,35.9,bench,713,43,229,-96
8,arkinsjt,arkinsjt,11575,Ray Davis,RB,BUF,26.8,bench,649,0,235,-239
8,arkinsjt,arkinsjt,4039,Cooper Kupp,WR,SEA,33.2,bench,589,0,244,-75
8,arkinsjt,arkinsjt,12540,Chimere Dike,WR,TEN,24.7,taxi,553,0,248,-319
8,arkinsjt,arkinsjt,13324,Matt Hibner,TE,BAL,24.5,drafted,368,0,272,114
8,arkinsjt,arkinsjt,12531,Trevor Etienne,RB,CAR,22.1,bench,246,0,288,-192
8,arkinsjt,arkinsjt,5995,Justice Hill,RB,BAL,28.8,bench,245,0,289,-102
8,arkinsjt,arkinsjt,9501,DeMario Douglas,WR,NE,25.7,bench,215,0,295,50
8,arkinsjt,arkinsjt,11651,Isaac Guerendo,RB,SF,26.2,IR,98,0,339,-4
8,arkinsjt,arkinsjt,CHI,Chicago Bears,DEF,CHI,,starter,0,0,,0
8,arkinsjt,arkinsjt,12711,Tyler Loop,K,BAL,25,starter,0,0,,0
9,Max’s Shadynasty,maxjabb,7564,Ja'Marr Chase,WR,CIN,26.5,starter,9527,9424,3,-265
9,Max’s Shadynasty,maxjabb,8146,Garrett Wilson,WR,NYJ,26.1,starter,3965,3209,34,-25
9,Max’s Shadynasty,maxjabb,12512,Quinshon Judkins,RB,CLE,22.8,starter,3929,3053,35,-128
9,Max’s Shadynasty,maxjabb,11566,Jayden Daniels,QB,WAS,25.7,starter,3596,2792,43,-269
9,Max’s Shadynasty,maxjabb,12529,TreVeyon Henderson,RB,NE,23.8,starter,3547,2911,46,-470
9,Max’s Shadynasty,maxjabb,7543,Travis Etienne,RB,NO,27.6,starter,2943,3116,62,-202
9,Max’s Shadynasty,maxjabb,12490,Bhayshul Tuten,RB,JAX,23.5,starter,2765,2467,69,276
9,Max’s Shadynasty,maxjabb,7523,Trevor Lawrence,QB,JAX,26.9,bench,2744,2155,70,67
9,Max’s Shadynasty,maxjabb,2216,Mike Evans,WR,SF,33.0,starter,1731,2305,118,-169
9,Max’s Shadynasty,maxjabb,8110,Jake Ferguson,TE,DAL,27.6,starter,1639,913,128,-33
9,Max’s Shadynasty,maxjabb,12493,Oronde Gadsden,TE,LAC,23.2,bench,1515,259,141,-221
9,Max’s Shadynasty,maxjabb,8134,Khalil Shakir,WR,BUF,26.6,bench,1395,399,153,98
9,Max’s Shadynasty,maxjabb,5947,Jakobi Meyers,WR,JAX,29.8,bench,1342,529,163,-122
9,Max’s Shadynasty,maxjabb,10213,Tre Tucker,WR,LV,25.5,bench,1130,71,194,92
9,Max’s Shadynasty,maxjabb,12497,Tory Horton,WR,SEA,23.7,bench,864,0,206,-238
9,Max’s Shadynasty,maxjabb,13289,Drew Allar,QB,PIT,22.5,drafted,856,0,207,491
9,Max’s Shadynasty,maxjabb,11627,Troy Franklin,WR,DEN,23.6,bench,791,0,216,-264
9,Max’s Shadynasty,maxjabb,11647,Kimani Vidal,RB,LAC,25.0,bench,773,0,219,-275
9,Max’s Shadynasty,maxjabb,3257,Jacoby Brissett,QB,ARI,33.7,bench,743,59,221,-49
9,Max’s Shadynasty,maxjabb,6803,Brandon Aiyuk,WR,SF,28.4,bench,694,0,233,-494
9,Max’s Shadynasty,maxjabb,13402,Skyler Bell,WR,BUF,24.1,drafted,667,0,234,-239
9,Max’s Shadynasty,maxjabb,12521,Elijah Arroyo,TE,SEA,23.4,bench,645,0,236,25
9,Max’s Shadynasty,maxjabb,12471,DJ Giddens,RB,IND,23.0,taxi,464,0,257,-175
9,Max’s Shadynasty,maxjabb,9494,Marvin Mims,WR,DEN,24.4,bench,302,0,281,-26
9,Max’s Shadynasty,maxjabb,11630,Roman Wilson,WR,PIT,25.2,bench,169,0,308,22
9,Max’s Shadynasty,maxjabb,5189,Eddy Pineiro,K,SF,30,starter,0,0,,0
9,Max’s Shadynasty,maxjabb,BAL,Baltimore Ravens,DEF,BAL,,bench,0,0,,0
9,Max’s Shadynasty,maxjabb,KC,Kansas City Chiefs,DEF,KC,,starter,0,0,,0
10,Bijan And The Maye-ssiah,jcflash59,9509,Bijan Robinson,RB,ATL,24.6,starter,11015,10304,1,-242
10,Bijan And The Maye-ssiah,jcflash59,7547,Amon-Ra St. Brown,WR,DET,26.8,starter,7355,7865,8,331
10,Bijan And The Maye-ssiah,jcflash59,9224,Chase Brown,RB,CIN,26.4,starter,4775,6765,22,620
10,Bijan And The Maye-ssiah,jcflash59,11564,Drake Maye,QB,NE,24.0,bench,4589,3795,24,89
10,Bijan And The Maye-ssiah,jcflash59,12517,Colston Loveland,TE,CHI,22.4,starter,4498,3797,26,-34
10,Bijan And The Maye-ssiah,jcflash59,6797,Justin Herbert,QB,LAC,28.5,starter,3094,2306,56,-60
10,Bijan And The Maye-ssiah,jcflash59,8167,Christian Watson,WR,GB,27.3,starter,2281,1632,79,9
10,Bijan And The Maye-ssiah,jcflash59,12489,RJ Harvey,RB,DEN,25.6,starter,2153,1240,86,58
10,Bijan And The Maye-ssiah,jcflash59,13417,De'Zhaun Stribling,WR,SF,23.7,drafted,2041,549,91,791
10,Bijan And The Maye-ssiah,jcflash59,9756,Jordan Addison,WR,MIN,24.6,bench,2005,750,93,-9
10,Bijan And The Maye-ssiah,jcflash59,12534,Kyle Monangai,RB,CHI,24.2,starter,1936,849,98,-183
10,Bijan And The Maye-ssiah,jcflash59,5846,DK Metcalf,WR,PIT,28.7,starter,1908,1400,102,-70
10,Bijan And The Maye-ssiah,jcflash59,12522,Cam Ward,QB,TEN,24.3,taxi,1883,388,103,-187
10,Bijan And The Maye-ssiah,jcflash59,7611,Rhamondre Stevenson,RB,NE,28.5,bench,1824,1233,106,119
10,Bijan And The Maye-ssiah,jcflash59,8126,Wan'Dale Robinson,WR,TEN,25.6,bench,1755,703,112,-98
10,Bijan And The Maye-ssiah,jcflash59,4037,Chris Godwin,WR,TB,30.5,bench,1621,911,131,115
10,Bijan And The Maye-ssiah,jcflash59,8408,Jordan Mason,RB,MIN,27.3,bench,1594,802,135,44
10,Bijan And The Maye-ssiah,jcflash59,8121,Romeo Doubs,WR,NE,26.4,bench,1553,451,138,123
10,Bijan And The Maye-ssiah,jcflash59,13285,Malachi Fields,WR,NYG,23.0,drafted,1392,0,154,271
10,Bijan And The Maye-ssiah,jcflash59,11638,Ricky Pearsall,WR,SF,26.0,bench,1328,0,167,-544
10,Bijan And The Maye-ssiah,jcflash59,12509,Tre' Harris,WR,LAC,24.5,bench,1303,0,172,94
10,Bijan And The Maye-ssiah,jcflash59,11581,MarShawn Lloyd,RB,GB,25.6,bench,1257,29,177,158
10,Bijan And The Maye-ssiah,jcflash59,7002,Juwan Johnson,TE,NO,30.0,bench,1141,213,192,0
10,Bijan And The Maye-ssiah,jcflash59,13268,Elijah Sarratt,WR,BAL,23.2,drafted,782,0,217,-405
10,Bijan And The Maye-ssiah,jcflash59,12536,Jaylin Noel,WR,HOU,24.0,bench,711,0,230,-428
10,Bijan And The Maye-ssiah,jcflash59,13400,Justin Joly,TE,DEN,22.1,drafted,450,0,261,-65
10,Bijan And The Maye-ssiah,jcflash59,11435,Emanuel Wilson,RB,SEA,27.3,bench,319,0,277,-313
10,Bijan And The Maye-ssiah,jcflash59,13423,Eli Heidenreich,RB,PIT,23.2,drafted,272,0,284,-283
10,Bijan And The Maye-ssiah,jcflash59,9757,Kendre Miller,RB,NO,24.2,bench,128,0,319,-46
10,Bijan And The Maye-ssiah,jcflash59,2747,Jason Myers,K,SEA,35,starter,0,0,,0
10,Bijan And The Maye-ssiah,jcflash59,IND,Indianapolis Colts,DEF,IND,,starter,0,0,,0
11,Terry Tate’s Pain Train,mannyrsox24,7569,Nico Collins,WR,HOU,27.4,starter,4283,5356,28,26
11,Terry Tate’s Pain Train,mannyrsox24,12518,Tyler Warren,TE,IND,24.3,starter,3981,3381,33,-60
11,Terry Tate’s Pain Train,mannyrsox24,7588,Javonte Williams,RB,DAL,26.3,starter,3556,4437,44,321
11,Terry Tate’s Pain Train,mannyrsox24,13286,Jadarian Price,RB,SEA,22.9,drafted,3266,2410,54,-3
11,Terry Tate’s Pain Train,mannyrsox24,11628,Marvin Harrison,WR,ARI,24.0,starter,3065,1597,58,-167
11,Terry Tate’s Pain Train,mannyrsox24,13294,Makai Lemon,WR,PHI,22.2,drafted,2972,1024,61,-215
11,Terry Tate’s Pain Train,mannyrsox24,6904,Jalen Hurts,QB,PHI,28.1,starter,2902,2739,65,-37
11,Terry Tate’s Pain Train,mannyrsox24,5927,Terry McLaurin,WR,WAS,31.0,starter,2055,2520,89,-37
11,Terry Tate’s Pain Train,mannyrsox24,9500,Josh Downs,WR,IND,25.0,starter,1964,930,96,101
11,Terry Tate’s Pain Train,mannyrsox24,9758,C.J. Stroud,QB,HOU,24.9,bench,1796,322,108,-45
11,Terry Tate’s Pain Train,mannyrsox24,7021,Rico Dowdle,RB,PIT,28.2,starter,1734,1644,116,-112
11,Terry Tate’s Pain Train,mannyrsox24,7567,Kenny Gainwell,RB,TB,27.5,bench,1677,890,123,35
11,Terry Tate’s Pain Train,mannyrsox24,13305,Mike Washington,RB,LV,23.1,drafted,1649,25,127,562
11,Terry Tate’s Pain Train,mannyrsox24,10219,Chris Rodriguez,RB,JAX,26.9,bench,1391,228,155,60
11,Terry Tate’s Pain Train,mannyrsox24,9508,Tyjae Spears,RB,TEN,25.2,bench,1356,122,161,114
11,Terry Tate’s Pain Train,mannyrsox24,8180,Jalen Nailor,WR,LV,27.5,bench,1191,216,184,46
11,Terry Tate’s Pain Train,mannyrsox24,13317,Ted Hurst,WR,TB,22.1,drafted,1046,0,195,17
11,Terry Tate’s Pain Train,mannyrsox24,9504,Kayshon Boutte,WR,NE,24.3,bench,930,0,204,44
11,Terry Tate’s Pain Train,mannyrsox24,13319,Oscar Delp,TE,NO,23.1,drafted,634,0,239,-39
11,Terry Tate’s Pain Train,mannyrsox24,4137,James Conner,RB,ARI,31.3,bench,516,0,251,-181
11,Terry Tate’s Pain Train,mannyrsox24,4981,Calvin Ridley,WR,TEN,31.7,bench,514,0,252,-241
11,Terry Tate’s Pain Train,mannyrsox24,12476,Devin Neal,RB,NO,23.0,taxi,303,0,279,-178
11,Terry Tate’s Pain Train,mannyrsox24,12505,Jalen Royals,WR,KC,23.5,bench,228,0,292,-98
11,Terry Tate’s Pain Train,mannyrsox24,8800,Malik Davis,RB,DAL,27.8,bench,187,0,303,-157
11,Terry Tate’s Pain Train,mannyrsox24,11199,Emari Demercado,RB,KC,27.6,bench,62,0,355,-95
11,Terry Tate’s Pain Train,mannyrsox24,6271,Olamide Zaccheaus,WR,ATL,29.1,bench,25,0,385,-72
11,Terry Tate’s Pain Train,mannyrsox24,SEA,Seattle Seahawks,DEF,SEA,,starter,0,0,,0
11,Terry Tate’s Pain Train,mannyrsox24,6650,Chase McLaughlin,K,TB,30,bench,0,0,,0
11,Terry Tate’s Pain Train,mannyrsox24,3451,Ka'imi Fairbairn,K,HOU,32,starter,0,0,,0
11,Terry Tate’s Pain Train,mannyrsox24,HOU,Houston Texans,DEF,HOU,,bench,0,0,,0
12,Bronco Stampede,5FinkleRay,9488,Jaxon Smith-Njigba,WR,SEA,24.5,starter,8604,8991,4,-33
12,Bronco Stampede,5FinkleRay,9493,Puka Nacua,WR,LAR,25.2,starter,8144,8922,5,-411
12,Bronco Stampede,5FinkleRay,4984,Josh Allen,QB,BUF,30.3,starter,5454,6195,17,-45
12,Bronco Stampede,5FinkleRay,8151,Kenneth Walker,RB,KC,25.8,starter,4913,6215,20,247
12,Bronco Stampede,5FinkleRay,11635,Ladd McConkey,WR,LAC,24.8,starter,3915,3421,36,146
12,Bronco Stampede,5FinkleRay,7525,DeVonta Smith,WR,PHI,27.8,starter,3687,3808,42,411
12,Bronco Stampede,5FinkleRay,8150,Kyren Williams,RB,LAR,26.0,starter,3525,4519,47,-57
12,Bronco Stampede,5FinkleRay,11631,Brian Thomas,WR,JAX,23.9,starter,3016,1673,60,-83
12,Bronco Stampede,5FinkleRay,12508,Jaxson Dart,QB,NYG,23.3,bench,2662,1732,72,-96
12,Bronco Stampede,5FinkleRay,11586,Blake Corum,RB,LAR,25.8,bench,1917,1030,99,14
12,Bronco Stampede,5FinkleRay,9753,Zach Charbonnet,RB,SEA,25.6,IR,1739,411,114,-92
12,Bronco Stampede,5FinkleRay,8131,Isaiah Likely,TE,NYG,26.4,starter,1734,667,115,-12
12,Bronco Stampede,5FinkleRay,8132,Tyler Allgeier,RB,ARI,26.4,bench,1580,237,136,150
12,Bronco Stampede,5FinkleRay,4943,Sam Darnold,QB,SEA,29.2,bench,1566,322,137,0
12,Bronco Stampede,5FinkleRay,8210,Chig Okonkwo,TE,WAS,27.0,bench,1400,255,151,-33
12,Bronco Stampede,5FinkleRay,11610,Malik Washington,WR,MIA,25.6,bench,1190,52,185,86
12,Bronco Stampede,5FinkleRay,8172,Greg Dulcich,TE,MIA,26.4,bench,867,0,205,-121
12,Bronco Stampede,5FinkleRay,12467,Jordan James,RB,SF,22.4,bench,851,0,208,-19
12,Bronco Stampede,5FinkleRay,12483,Jack Bech,WR,LV,23.7,bench,836,0,209,-265
12,Bronco Stampede,5FinkleRay,7600,Pat Freiermuth,TE,PIT,27.8,bench,721,0,227,-153
12,Bronco Stampede,5FinkleRay,11643,Jaylen Wright,RB,MIA,23.4,bench,708,0,231,-110
12,Bronco Stampede,5FinkleRay,12547,Kyle Williams,WR,NE,23.8,bench,590,0,243,-57
12,Bronco Stampede,5FinkleRay,11597,Theo Johnson,TE,NYG,25.5,bench,472,0,256,-196
12,Bronco Stampede,5FinkleRay,12048,George Holani,RB,SEA,26.7,bench,359,0,273,66
12,Bronco Stampede,5FinkleRay,11569,Jarquez Hunter,RB,LAR,23.7,taxi,122,0,322,-64
12,Bronco Stampede,5FinkleRay,8143,Jerome Ford,RB,WAS,27.0,IR,104,0,333,10
12,Bronco Stampede,5FinkleRay,12516,Kalel Mullings,RB,TEN,23,bench,0,0,,0
