consensus_rank,player,position,team,sources_count,rank_low,rank_high,rank_range,fantasypros_ecr_rank,rotoballer_rank,boone_1qb_rank,draftsharks_rank
1.0,Jeremiyah Love,RB,ARI,4,1,1,0,1,1,1,1
2.0,Carnell Tate,WR,TEN,4,2,2,0,2,2,2,2
3.0,Jordyn Tyson,WR,NO,4,3,5,2,3,3,3,5
4.0,Makai Lemon,WR,PHI,4,3,4,1,4,4,4,3
5.0,Jadarian Price,RB,SEA,4,4,5,1,5,5,5,4
6.0,KC Concepcion,WR,CLE,4,6,8,2,6,6,6,8
7.0,Omar Cooper Jr.,WR,NYJ,4,7,16,9,7,7,7,16
8.5,Kenyon Sadiq,TE,NYJ,4,8,12,4,8,8,9,12
10.0,Denzel Boston,WR,CLE,4,8,10,2,10,10,8,10
12.0,Jonah Coleman,RB,DEN,3,11,12,1,12,12,11,
13.0,Fernando Mendoza,QB,LV,4,9,22,13,9,9,17,22
13.0,Eli Stowers,TE,PHI,4,11,15,4,11,13,13,15
13.0,De'Zhaun Stribling,WR,SF,4,10,14,4,13,14,10,13
14.0,Antonio Williams,WR,WAS,4,11,20,9,14,11,14,20
15.0,Nicholas Singleton,RB,TEN,3,12,19,7,15,19,12,
16.0,Chris Bell,WR,MIA,3,15,17,2,17,16,15,
18.0,Germie Bernard,WR,PIT,4,15,21,6,16,15,20,21
18.0,Emmett Johnson,RB,KC,3,17,27,10,18,17,27,
19.0,Ted Hurst III,WR,TB,4,18,25,7,19,18,19,25
20.0,Ty Simpson,QB,LAR,3,20,43,23,20,20,43,
21.0,Zachariah Branch,WR,ATL,3,16,25,9,25,21,16,
22.0,Malachi Fields,WR,NYG,3,18,26,8,22,26,18,
22.0,Ja'Kobi Lane,WR,BAL,4,17,29,12,23,29,21,17
22.5,Elijah Sarratt,WR,BAL,4,21,38,17,21,22,38,23
24.0,Demond Claiborne,RB,MIN,3,22,30,8,30,24,22,
25.0,Kaelon Black,RB,SF,3,25,27,2,27,25,25,
26.0,Mike Washington Jr.,RB,LV,3,23,26,3,26,23,26,
27.0,Skyler Bell,WR,BUF,3,23,32,9,32,27,23,
28.0,Kaytron Allen,RB,WAS,3,24,28,4,24,28,28,
30.0,Oscar Delp,TE,NO,3,28,32,4,28,32,30,
31.0,Max Klare,TE,LAR,3,29,36,7,31,36,29,
32.0,Eli Raridon,TE,NE,3,29,34,5,29,34,32,
33.0,Chris Brazzell II,WR,CAR,4,24,36,12,36,30,36,24
34.0,Bryce Lance,WR,NO,3,31,46,15,34,31,46,
35.0,Justin Joly,TE,DEN,3,31,50,19,35,50,31,
35.0,Adam Randall,RB,BAL,3,33,37,4,37,33,35,
35.5,Caleb Douglas,WR,MIA,4,18,41,23,38,41,33,18
37.0,Brenen Thompson,WR,LAC,3,37,44,7,44,37,37,
38.0,Carson Beck,QB,ARI,3,33,51,18,33,38,51,
39.0,Eli Heidenreich,RB,PIT,3,35,64,29,39,35,64,
39.0,Kevin Coleman Jr.,WR,MIA,3,39,43,4,43,39,39,
40.0,Cyrus Allen,WR,KC,3,24,40,16,40,40,24,
41.0,Seth McGowan,RB,IND,3,40,46,6,41,46,40,
42.0,Drew Allar,QB,PIT,3,42,54,12,42,42,54,
43.0,Zavion Thomas,WR,CHI,3,34,55,21,55,43,34,
45.0,Matthew Hibner,TE,,1,45,45,0,,45,,
47.0,Tanner Koziol,TE,JAC,3,44,48,4,47,44,48,
47.0,Colbie Young,WR,CIN,3,47,74,27,74,47,47,
51.0,Marlin Klein,TE,HOU,3,44,61,17,51,61,44,
52.0,Jam Miller,RB,NE,3,50,53,3,50,52,53,
52.0,Josh Cameron,WR,JAC,3,51,69,18,69,51,52,
53.0,Cole Payton,QB,PHI,3,49,58,9,49,53,58,
54.0,Cade Klubnik,QB,NYJ,3,46,55,9,46,54,55,
55.0,J'Mari Taylor,RB,JAC,3,45,65,20,45,55,65,
55.5,Matt Hibner,TE,BAL,2,45,66,21,66,,45,
56.0,Sam Roush,TE,CHI,3,48,63,15,48,56,63,
56.0,Deion Burks,WR,IND,3,49,61,12,56,49,61,
56.0,Taylen Green,QB,CLE,3,48,57,9,57,48,56,
57.0,CJ Daniels,WR,LAR,3,41,60,19,60,57,41,
58.0,Reggie Virgil,WR,ARI,3,49,70,21,58,70,49,
58.0,Malik Benson,WR,LV,3,42,62,20,62,58,42,
59.0,Roman Hemby,RB,LV,3,53,76,23,53,59,76,
59.0,Garrett Nussmeier,QB,KC,3,54,60,6,54,60,59,
62.0,Jack Endries,TE,CIN,3,61,65,4,61,65,62,
63.0,Nate Boerkircher,TE,JAC,3,50,68,18,63,68,50,
64.0,Barion Brown,WR,NO,3,63,72,9,64,63,72,
66.0,Robert Henry Jr.,RB,WAS,2,52,80,28,52,80,,
66.5,CJ Williams,WR,,2,60,73,13,,73,60,
70.0,Jeff Caldwell,WR,KC,3,62,85,23,70,62,85,
71.0,Michael Trigg,TE,DAL,3,70,77,7,77,71,70,
72.5,Terion Stewart,RB,KC,2,67,78,11,67,78,,
73.0,Lewis Bond,WR,HOU,3,67,81,14,81,67,73,
74.0,Jaydn Ott,RB,KC,3,59,75,16,59,74,75,
74.0,Kendrick Law,WR,DET,3,72,76,4,72,76,74,
74.5,Dean Connors,RB,LAR,2,65,84,19,65,84,,
75.0,Jalon Daniels,QB,TB,3,57,105,48,105,75,57,
77.0,Noah Whittington,RB,HOU,3,68,77,9,68,77,77,
77.5,CJ Donaldson,RB,NO,2,73,82,9,73,82,,
78.0,Eric Rivers Jr.,WR,TB,3,66,90,24,78,66,90,
78.0,Emmanuel Henderson Jr.,WR,SEA,3,72,102,30,102,72,78,
79.0,Tyren Montgomery,WR,TEN,2,75,83,8,75,83,,
79.0,Chip Trayanum,RB,NYJ,1,79,79,0,79,,,
79.0,Joe Royer,TE,CLE,3,66,82,16,82,79,66,
79.5,Desmond Reid,RB,FA,2,71,88,17,71,88,,
80.0,Jamal Haynes,RB,CIN,3,80,100,20,80,100,80,
81.0,John Michael Gyllenborg,TE,KC,3,69,90,21,90,69,81,
81.5,Chase Roberts,WR,LV,2,64,99,35,99,64,,
82.5,Rahsul Faison,RB,FA,2,81,84,3,84,81,,
83.0,Haynes King,QB,CAR,2,76,90,14,76,90,,
83.0,Kaden Wetjen,WR,PIT,3,71,85,14,83,85,71,
83.0,Seydou Traore,TE,MIA,2,68,98,30,98,,68,
83.0,Bauer Sharp,TE,,1,83,83,0,,,83,
83.5,Will Kacmarek,TE,MIA,2,67,100,33,100,,67,
85.5,Eric McAlister,WR,FA,2,85,86,1,85,86,,
87.0,J. Michael Sturdivant,WR,GB,3,79,93,14,87,93,79,
87.0,Riley Nowakowski,TE,PIT,2,86,88,2,88,,86,
87.5,Aaron Anderson,WR,FA,2,86,89,3,86,89,,
89.0,Max Bredeson,RB,MIN,1,89,89,0,89,,,
90.0,Dane Key,WR,DEN,2,87,93,6,93,87,,
91.0,Dae'Quan Wright,TE,CLE,3,82,91,9,91,91,82,
91.0,Luke Altmyer,QB,DET,2,88,94,6,94,,88,
92.0,Harrison Wallace III,WR,ARI,2,92,92,0,92,92,,
92.5,Dallen Bentley,TE,DEN,2,84,101,17,101,,84,
95.0,TJ Harden,RB,FA,2,95,95,0,95,95,,
96.0,Josh Cuevas,TE,BAL,3,69,98,29,96,98,69,
96.5,Jaren Kanak,TE,TEN,2,87,106,19,106,,87,
97.0,Trebor Pena,WR,JAC,1,97,97,0,97,,,
97.0,Anthony Smith,WR,,1,97,97,0,,97,,
103.0,Joey Aguilar,QB,JAC,1,103,103,0,103,,,
103.0,Behren Morton,QB,NE,2,89,117,28,117,,89,
104.0,Brendan Sorsby,QB,FA,1,104,104,0,104,,,
104.5,Sawyer Robertson,QB,FA,2,99,110,11,110,99,,
105.0,Caullin Lacy,WR,NYJ,2,94,116,22,116,94,,
107.0,Athan Kaliakmanis,QB,WAS,1,107,107,0,107,,,
108.0,Kentrel Bullock,RB,CIN,1,108,108,0,108,,,
109.0,Kejon Owens,RB,FA,1,109,109,0,109,,,
110.5,Dillon Bell,WR,MIN,2,96,125,29,125,96,,
111.0,Noah Thomas,WR,CIN,1,111,111,0,111,,,
112.0,Romello Brinson,WR,FA,1,112,112,0,112,,,
113.0,Rueben Owens II,RB,FA,1,113,113,0,113,,,
114.0,Diego Pavia,QB,FA,1,114,114,0,114,,,
115.0,Jordan Hudson,WR,DAL,1,115,115,0,115,,,
118.0,Vinny Anthony II,WR,ATL,1,118,118,0,118,,,
119.0,Jack Velling,TE,ATL,1,119,119,0,119,,,
120.0,Al-Jay Henderson,RB,FA,1,120,120,0,120,,,
121.0,Miller Moss,QB,CHI,1,121,121,0,121,,,
122.0,Nyck Harbor,WR,FA,1,122,122,0,122,,,
123.0,L.J. Martin,RB,FA,1,123,123,0,123,,,
124.0,Joe Fagnano,QB,BAL,1,124,124,0,124,,,
